{"z_p": 50, "a_p": [0.3375157883549723, 0.8460405138870504, 0.33041861305291764, 0.7225267545689031, 0.7627462019674367, 0.8499731962594501, 0.5246149912019766, 0.7341428504881495, 0.8122463974153848, 0.43107138459211747, 0.7574643029393588, 0.3036086775758799, 0.6421674891295269, 0.8798285858261097, 0.39590223756470166, 0.4887373558639369, 0.3847503243536946, 0.7843425844331453, 0.35037903822222227, 0.35680668175327535, 0.5190867153030607, 0.6007738944151011, 0.993266009950986, 0.9348299008903866, 0.22231809352199897, 0.9676573929320937, 0.7557815334253724, 0.5474455429073064, 0.609007483089226, 0.6514211708050307, 0.44672123303443173, 0.42752478919767695, 0.2586521761579203, 0.7656748387931485, 0.36648403458469325, 0.2997839823201308, 0.6950350640426184, 0.3825435737905869, 0.8582348943023108, 0.8808562997989262, 0.8863240210815602, 0.631201605636215, 0.9461196511741179, 0.7413501680994974, 0.407497696994355, 0.5538773135613725, 0.9470483797532321, 0.5828843437969882, 0.24239106509014852, 0.40379897811063553, 0.41557470077803976, 0.21810767957652308, 0.7156739126723617, 0.7540516099707077, 0.9715657480325783, 0.9434986694929277, 0.35102122341072084, 0.4834279955053184, 0.818191659608196, 0.7569322002431966, 0.7658684761675489, 0.7776717701473661, 0.7496434285957421, 0.6851685160171914, 0.7078683129182544, 0.3193545619281597, 0.7889481373163092, 0.238865646713721, 0.839261549401275, 0.9257476508845848, 0.679607775671641, 0.24768141375704744, 0.787397003585909, 0.8164258512843741, 0.8848203305022591, 0.3681276142185918, 0.9587560528085515, 0.26183886382128585, 0.6170754589754407, 0.6142262726183318, 0.5262706915345037, 0.2594534045427446, 0.3124847805177473, 0.9461909137020894, 0.20973265871400315, 0.5195945769873886, 0.8211544772535393, 0.320490394975393, 0.9452262755112588, 0.5339354252859799, 0.29797763060902316, 0.228411851189109, 0.7201806644812525, 0.9019655191482367, 0.4744375174581286, 0.2753618827521355, 0.6975751569093702, 0.7220235527791969, 0.21895294161849882, 0.5281687929390091], "n_p": [1.5298837542736448, 1.4988495558847577, 1.6923565033250567, 1.5059758048489964, 1.4317841629235304, 1.4038092199710093, 1.600570746670383, 1.684033353438976, 1.5110625784491643, 1.6167981139132002, 1.6266824552337218, 1.4003357731383608, 1.4581701423612365, 1.4934797524448438, 1.5138746006972763, 1.5803084310306854, 1.635696190222976, 1.5534698357781394, 1.5046723032339535, 1.6385961094035895, 1.5720106996254366, 1.5129340814447976, 1.4920882042852253, 1.5316261436846001, 1.4704812878882232, 1.514984650090323, 1.5780404148118317, 1.6883723861334878, 1.5773400324119748, 1.538842923557124, 1.5886092970892047, 1.6527763616958668, 1.6267548375587246, 1.5171821444871798, 1.4148159580293282, 1.4056711769288843, 1.6062647346499594, 1.5189792316911568, 1.5354555675565729, 1.5957077423502066, 1.6360258835070236, 1.510354618882441, 1.430402437471725, 1.4222171156450236, 1.6460522557113861, 1.598922882824618, 1.6775589449156452, 1.4817989744222961, 1.6421740609381608, 1.5819445926102986, 1.5910950368100878, 1.5943503722986891, 1.6930971513744708, 1.647119221606294, 1.6391868063046897, 1.5634387451523521, 1.4117903267148113, 1.4744123721771267, 1.580580678776576, 1.4892898263515397, 1.5268029743248301, 1.4258742055053766, 1.6816459405010442, 1.5606350598507244, 1.6342023081116708, 1.6860831513283876, 1.4278870419197895, 1.6861900084623689, 1.5673368762477053, 1.443989395047484, 1.5472785314933422, 1.4999430550187958, 1.5103398888304944, 1.5378425885627152, 1.6471358893520398, 1.5178136268322386, 1.682947182336549, 1.5552287267180949, 1.6346123441227671, 1.5030542761242593, 1.5155305670060901, 1.4467589089326047, 1.5236628038203799, 1.4934713534347495, 1.6708972124376544, 1.4319223285136824, 1.4922997436024812, 1.6721896717096163, 1.6449457385482693, 1.4999864683477095, 1.5211505265554583, 1.6012145281377776, 1.6167621041920697, 1.520835059430506, 1.4717631488497052, 1.6093780075501938, 1.443086461740882, 1.4049330595581828, 1.6458977603456963, 1.5255574587645702], "a_p*": [0.340965398235301, 0.8422461402571655, 0.3316228071093566, 0.7233877697596048, 0.7701065633948672, 0.8583913915988292, 0.5238878708020257, 0.7274425427349943, 0.8059157676849876, 0.43228530468584153, 0.7487835111124361, 0.3041082419147896, 0.6496138640325196, 0.8761892993648563, 0.39941017522489647, 0.4901636805825142, 0.38653833193333725, 0.7715191924433761, 0.35381862424537186, 0.3584970037360031, 0.5202094026876934, 0.6046005678192833, 0.9912254449965164, 0.9241665090173573, 0.2229434756520977, 0.959353971989363, 0.7472490555826018, 0.5412246244381198, 0.6055811973888168, 0.6504429018954444, 0.4490573939397329, 0.4275497948318485, 0.2595524141237499, 0.7611731204142469, 0.3716503889881476, 0.30171680804745626, 0.6779354558957078, 0.3851249178542122, 0.8443867865951082, 0.8649654810124641, 0.880603746217439, 0.6349165973071711, 0.9552494134530335, 0.7495574155773629, 0.4082490802807912, 0.5510278466902451, 0.9584489318859084, 0.5891503885521842, 0.2437611844087161, 0.4061440748756608, 0.4177986452499396, 0.21910323392324627, 0.7167094179180253, 0.7444574660328327, 0.9741293029216045, 0.9255849477721227, 0.35514692695709277, 0.4896634706396696, 0.809760498212327, 0.759247569039988, 0.7589717358171282, 0.7853877307513696, 0.7645234126497089, 0.6780247276291228, 0.7008345592973197, 0.3201202647791976, 0.7973202729311466, 0.23987945389038665, 0.825428634653693, 0.9322488194253162, 0.6757279502683841, 0.2492503496206316, 0.7836382975472592, 0.802785883834491, 0.8765632636667267, 0.3713500252405561, 0.9501338474384232, 0.2631493105269018, 0.607169840286363, 0.6189982819706431, 0.5312368620607036, 0.2607053152376135, 0.3151045165048893, 0.9437183445720557, 0.21095223829809792, 0.5270383128060809, 0.8196370222735847, 0.320984640325023, 0.9249959909131621, 0.5389807257214306, 0.30063811773494437, 0.22971647959724495, 0.7083149348943214, 0.894096814509862, 0.48012304154464475, 0.2763492907933739, 0.7045122636055722, 0.7295905043974829, 0.21951161778683745, 0.5322390723353382],