{"z_p": 50, "a_p": 0.5, "n_p": 1.6, "a_c": 0.01, "n_1": [1.4006154747342126, 1.8427768183306108, 1.4456705684159115, 1.7997634431321923, 1.4575547334382795, 1.4356635300993803, 1.8848068536343294, 1.897420334720739, 1.4721089258442346, 1.6914036289965377, 1.403183118170426, 1.4311493972712572, 1.9055951488348053, 1.3581679167321703, 1.5867429789945244, 1.6211313408934858, 1.755471466928064, 1.8400286947200033, 1.4464037132660579, 1.981495706266717, 1.7770330062908646, 1.6572241585491119, 1.4699692466353569, 1.803641299983056, 1.4399138339112962, 1.5893269562385932, 1.7596676810921759, 1.571285615601584, 1.4710347837381383, 1.812138290410521, 1.9151507477036285, 1.9677355716336602, 1.598443411240467, 1.8147444968355642, 1.9475351311764788, 1.7769882637536574, 1.4832280385264998, 1.8387047522434072, 1.6850598551709755, 1.8643780440035143, 1.938987697429892, 1.851307945630166, 1.6118641374710903, 1.6322139518590675, 1.511290131243839, 1.696241266583055, 1.950933894944403, 1.5580049771481053, 1.8635069489823057, 1.625979235299356, 1.4718872542796766, 1.891825198548623, 1.897504777877899, 1.6661279610373045, 1.3506230505984007, 1.964568632811869, 1.424379334559066, 1.6104425818304844, 1.8236040881792885, 1.7330048921928252, 1.5855695111145023, 1.6308399564569873, 1.520271304581078, 1.8606506198380752, 1.5629216560594414, 1.7266916918266546, 1.958260918902246, 1.408451016763923, 1.8057597563738121, 1.487113694413396, 1.845759776541365, 1.4336934096417413, 1.7973735891748657, 1.8156562094078934, 1.7733240508981443, 1.8131200298907557, 1.678010668864641, 1.871090007732305, 1.3943275818069492, 1.9124254946972952, 1.8892071902175722, 1.7157302641248702, 1.985929901368717, 1.8919114645445307, 1.5635845005125022, 1.8864974216003996, 1.3672032143931105, 1.8749534800014886, 1.6943001867489662, 1.878254184672716, 1.804635193762711, 1.6734970096607087, 1.517718978514504, 1.8602543769013766, 1.729068784144085, 1.5973202499192558, 1.7354227904779527, 1.4489356444223263, 1.464968650485013, 1.5791933059182963], "n_2": [1.5004552725901235, 1.476789934538537, 1.9500528655151683, 1.3763461703376494, 1.9303337001450358, 1.6848072846342235, 1.6557958190168254, 1.5603695154502322, 1.651242427662782, 1.6876763403521557, 1.8821931307502502, 1.6041221093543325, 1.88316950820386, 1.373837117071618, 1.8828371276275497, 1.8728642993746505, 1.4001003589020664, 1.961051211309941, 1.6454339263848365, 1.6501258219728299, 1.6154788345665199, 1.495131802976379, 1.639950998627003, 1.6298769995532005, 1.598162648884598, 1.3639451751190204, 1.7540983314559493, 1.854064005716355, 1.8290568086266064, 1.4190675604948089, 1.474335957884591, 1.4798601058802825, 1.581886963439995, 1.785866180549233, 1.5492793616164526, 1.6260340669900044, 1.8971035545203034, 1.7135228108354204, 1.8031050153137205, 1.4377241946424781, 1.6381830820889942, 1.9904933639410762, 1.4544677083884165, 1.860691456678815, 1.353111345793981, 1.8674627953295473, 1.893440547736129, 1.686113000777078, 1.6748532940797645, 1.4460544304688874, 1.6003589122421902, 1.6996990881839693, 1.518392292177852, 1.7775470925329813, 1.8441712850523748, 1.6716867925929475, 1.4895929290629788, 1.3937630009123096, 1.6090807932760005, 1.5721973175952315, 1.7099475899073326, 1.8413340371172553, 1.4304613717548287, 1.3792352867841051, 1.373843877884836, 1.5414754717381622, 1.589233575744773, 1.7375034316025013, 1.8915846845969668, 1.562456647594515, 1.4083393937580064, 1.958604887184717, 1.7130269254762078, 1.480256146972504, 1.8857269178528093, 1.60723044118622, 1.396713402527201, 1.9257429323789537, 1.8945273750811402, 1.6112956988956157, 1.4966018405024282, 1.6375805003949453, 1.470929314528118, 1.707058090217465, 1.6815430074330986, 1.7867550011770732, 1.5040803058861418, 1.423401798419042, 1.967868711038432, 1.3896599878545794, 1.9833610773962453, 1.4358703997115028, 1.535852530830142, 1.9015932318392483, 1.4546245991543083, 1.6327960513463307, 1.5409373718652157, 1.8282217221508803, 1.538087532500107, 1.7021908294958228], "a_p_1*": [0.5023441410221032, 0.5189056032604266, 0.5040419683456326, 0.515367365384471, 0.5044788474172379, 0.5036774461528064, 0.5194571945438151, 0.5192988308635527, 0.5048381396620548, 0.5128679610711778, 0.502409368454548, 0.5035579788815389, 0.5189034063551288, 0.5006327479926876, 0.509161777748063, 0.5100255462468493, 0.5152428809518255, 0.5186853839269532, 0.5040988038905818, 0.520948580690497, 0.5157429771130014, 0.5120361336811904, 0.504917737711813, 0.5163389721110881, 0.5037966077859638, 0.5092355014247936, 0.5153213223790748, 0.508639926537899, 0.5049773053405051, 0.5162614725739162, 0.5196915702865886, 0.5215623775361156, 0.5095368941198068, 0.516529476964544, 0.5197870115904107, 0.5157996382510539, 0.505387871059913, 0.5186017738677345, 0.5126379284573115, 0.5178279562356242, 0.5197013206927167, 0.5175511800430166, 0.509869052398763, 0.5109932533115297, 0.5064516014598618, 0.5132938058423244, 0.5199448463604831, 0.5082137916020022, 0.5177455727551212, 0.511183795429467, 0.5049435551935147, 0.5192121256432336, 0.5193599908065649, 0.511674093950664, 0.5003233894997979, 0.5217232066167133, 0.503283410067219, 0.5100034856512373, 0.517149473823853, 0.5140305705057711, 0.5091031902954416, 0.5112281191178724, 0.5068442346610139, 0.5176277980013726, 0.5083322118079399, 0.5137068600908318, 0.5205915313204065, 0.5025310112210372, 0.5160436283019671, 0.5055990215382471, 0.5176232397249493, 0.5036767220968645, 0.5154070904567701, 0.516562019494869, 0.5153499835206785, 0.5165155636761997, 0.511999085340744, 0.5182817936079446, 0.5020481645759289, 0.51977093709038, 0.519674831099561, 0.5138436393966105, 0.5208334116215062, 0.5193196170785546, 0.5082906239308479, 0.5202715178682523, 0.5010952928541389, 0.5189854010591961, 0.5130168966399967, 0.519465880610196, 0.5162283747563154, 0.5118725460812983, 0.5066919466791692, 0.5174826115617374, 0.5139922179657727, 0.5095017617718601, 0.513972557592069, 0.5042199298629827, 0.5047491798494573, 0.5089433173454568], "n_p_1*": [1.5944989727867813, 1.596046601855407, 1.5944340781168604, 1.5957499420438463, 1.594397777729242, 1.5944516189711126, 1.5959132590581306, 1.5968115591795722, 1.5946416645463142, 1.5950096497403923, 1.594622041002392, 1.594424638196304, 1.5971660722600038, 1.594626153385136, 1.5947013449402248, 1.594601769329403, 1.5955778326786965, 1.5961892817721142, 1.5944692404186427, 1.5976109021150697, 1.5955888491973562, 1.5947407125331317, 1.5943334323658211, 1.595712894882597, 1.5944992144338321, 1.594629036982537, 1.5954556090759082, 1.5945025188969257, 1.5944759107703204, 1.5958863674794714, 1.597211164378329, 1.5975895938842157, 1.5946867331445658, 1.5961477996785116, 1.5975628429678994, 1.59557236730565, 1.5944823964033414, 1.5960530261388242, 1.5950817940869355, 1.596661850424556, 1.5975877066858064, 1.5964357500111592, 1.5947162452543018, 1.5947981229563275, 1.5944291804854431, 1.5949829295655695, 1.5976609278306433, 1.594547654557334, 1.5967021810081359, 1.594393416999432, 1.5944240843882764, 1.5969321136437575, 1.5968476246845797, 1.5948633705349433, 1.5946396037292785, 1.5978709251052987, 1.594454992617616, 1.5944757090045656, 1.5960051970283138, 1.5954297426494894, 1.5946492911742096, 1.594584750732763, 1.5944892153996106, 1.5963815239129957, 1.594568850966549, 1.5953732741317785, 1.5979940534368844, 1.594522025455377, 1.5958401095941246, 1.594487043743956, 1.596228121387521, 1.5943645696676911, 1.5957588991878076, 1.5959542243165183, 1.5956683790366786, 1.596012972429329, 1.5950112420349123, 1.5963024299983422, 1.5945805044948747, 1.5969783195781557, 1.5967288058343685, 1.595124732054012, 1.5980143490279952, 1.5968444832882769, 1.5945322346755992, 1.5960481009283611, 1.5945466457642867, 1.5963751963998616, 1.5952077966481677, 1.596425096818565, 1.5958557653708039, 1.595001201174391, 1.594373716160039, 1.5964159019039086, 1.5952067366251987, 1.594687233609017, 1.5953010093684845, 1.5943729298444085, 1.5944134845016535, 1.5945436929962074],