{"z_p": 50, "a_p": 0.5, "n_p": 1.6, "a_c": 0.01, "n_1": [1.689129261633219, 1.4294809896107492, 1.4901834843385982, 1.6410260063010795, 1.4987633613058795, 1.4356632893285501, 1.4567904023449973, 1.4201876420219288, 1.4597193900202905, 1.632738078083896, 1.6218107234486543, 1.6464405538848594, 1.5025633296477117, 1.4826771795848133, 1.5042773951452957, 1.4246457530291787, 1.4977134251745867, 1.4700068206620178, 1.4453512352375215, 1.434533979507333, 1.507994943225707, 1.676957177553046, 1.672090299785318, 1.5398015775085705, 1.688574950199471, 1.5285848740559158, 1.4108479934365952, 1.5777101561076157, 1.5251197455861727, 1.4674894637121856, 1.4875820246376767, 1.5992582672068345, 1.685966759360952, 1.5481472521064987, 1.5237372551097108, 1.5350584530558042, 1.6730957304498941, 1.6420210222174187, 1.4979302329328585, 1.6705075098594646, 1.5087779451374477, 1.6887868740938974, 1.5319822907312142, 1.4990842457705447, 1.4996357249293761, 1.405802387640614, 1.6782336550961803, 1.6474571919431713, 1.6300433386086812, 1.6104651681382132, 1.6209315577627281, 1.4630105253023522, 1.6540563811396296, 1.5348135387763193, 1.409217141606192, 1.5380194276671297, 1.4607555644672432, 1.4725954989936196, 1.6910842798412247, 1.4516536244963325, 1.4099720872913875, 1.5223527445415395, 1.5161375568968047, 1.6208798420142214, 1.5717594641592378, 1.4346741587668614, 1.6537960637500828, 1.5061464148511954, 1.5622813304234369, 1.5762633511638364, 1.6121116522280623, 1.5876591939910345, 1.431447501043718, 1.6312277925089556, 1.6023006361864842, 1.6874276905371928, 1.591598029821264, 1.6395042609512809, 1.6875123016142406, 1.4894820563687066, 1.6450630081901911, 1.4348667104289545, 1.667756674088688, 1.486012417818387, 1.569326662705026, 1.4120701792126535, 1.4879661211565673, 1.408488135511139, 1.6782405414609503, 1.405789019523479, 1.5362866254186325, 1.4367189080754765, 1.5335133076726222, 1.4490442788853624, 1.4385698196608028, 1.5420442878903744, 1.4205251243691162, 1.5846043501028582, 1.5430217780100115, 1.4513177671992172], "n_2": [1.6619931870900022, 1.5556879092563283, 1.4800260881825524, 1.521334722942217, 1.60450625786634, 1.6524216247321648, 1.4337143741117597, 1.4968312953771177, 1.4766838725400793, 1.4781844206989898, 1.430560691730417, 1.4903002888930161, 1.626444284645911, 1.670366901002438, 1.4463568677819418, 1.6086129187841252, 1.4437233274352286, 1.4439387311273142, 1.5836560609009083, 1.5266215481381826, 1.490653610451285, 1.5945630778759978, 1.4534842110656436, 1.645619215042115, 1.6900953432803751, 1.450575334038699, 1.550065112742951, 1.4319477895320032, 1.4231619166802747, 1.6502172134501034, 1.6025356137263296, 1.517453679646154, 1.697748720880905, 1.6896894641385343, 1.65713130626368, 1.6074484755266003, 1.5986619465147645, 1.5799612570762425, 1.4756358786198702, 1.444955826993567, 1.5836024188450515, 1.4655034955393582, 1.5222284248601727, 1.4339670450835875, 1.5603633041667384, 1.5856703347545231, 1.4355736398521155, 1.5090606986389261, 1.5672176312364376, 1.6917978713769624, 1.4542610780014074, 1.5235346975922037, 1.404102689995019, 1.4237869036555906, 1.4325886406729909, 1.662091672119184, 1.6602422217542636, 1.40917526766091, 1.4381492136537923, 1.5111027278265863, 1.622689827346983, 1.6936591696476897, 1.477688231756509, 1.4972926088102152, 1.5683210030156207, 1.4483906427123259, 1.649322044253154, 1.6911979361899632, 1.593081391964905, 1.624282493425119, 1.4147602089094715, 1.6563057945075843, 1.458089972528695, 1.5730661594306155, 1.5184342059985156, 1.5052243662769027, 1.5334550579097066, 1.528210741325227, 1.6559303525321445, 1.4190792439567923, 1.5819660370669684, 1.5477211768598191, 1.5740305206189806, 1.6133569614087084, 1.6765944220306652, 1.4169290811177253, 1.6816228973061866, 1.4048365914527692, 1.6342974843022964, 1.6094702857280785, 1.5927691861182025, 1.412160935165927, 1.6094149190709348, 1.412490849500266, 1.4932296515480135, 1.5567517236802135, 1.668568951532572, 1.509325965206453, 1.6850018949886516, 1.6807236986541567], "a_p_1*": [0.5128427498996382, 0.5034737237392751, 0.5056520664815974, 0.5108604960175663, 0.5059007851767562, 0.5035943810313321, 0.5044572684819703, 0.5030511258642669, 0.504575609745005, 0.5112232171571388, 0.5098561101012027, 0.5117034154162268, 0.5060995504191808, 0.5053734162202019, 0.5061230854928774, 0.5032487335176944, 0.5059922307303979, 0.5048857608937721, 0.5040843293290265, 0.5036708361748875, 0.5063206669461028, 0.5121847135635008, 0.5117470556380582, 0.507418629216642, 0.5126492133793171, 0.5071944503880002, 0.5027392645155867, 0.5088533394782008, 0.5070586837134644, 0.5048883495986737, 0.5056039216262629, 0.5096088209738003, 0.5124195886494994, 0.5078943870935949, 0.5069335300468695, 0.5072783820101012, 0.5118161132566994, 0.5107576346383556, 0.506095165930521, 0.5118754077629637, 0.5064068630372982, 0.5125954549626793, 0.507203246656015, 0.5059784991497319, 0.5059897420327389, 0.5025018177011952, 0.5120654778808152, 0.5115060620323412, 0.5111490976273855, 0.5097793213628271, 0.5101861365436604, 0.5048045966973744, 0.5118906757356612, 0.5072783379241774, 0.5025892087469963, 0.5074759442742708, 0.5045295602916283, 0.5051541860992416, 0.5130217557565678, 0.5042249831538478, 0.5026573026714682, 0.5067893382446967, 0.5066295341217014, 0.5102066601311448, 0.5087402881831844, 0.503720358386347, 0.5119070803530703, 0.5062934207122063, 0.5082669941765027, 0.508711759611605, 0.509842126860763, 0.5092533248994683, 0.5034719192604726, 0.5109799751252765, 0.5100374576136574, 0.5123364913797241, 0.5093344083684284, 0.5107436628347518, 0.5124172355647091, 0.5056423006851009, 0.5113233988400371, 0.5035990786016957, 0.5118917324517572, 0.5054699011877448, 0.508549002867878, 0.5027215441845745, 0.5054925711894414, 0.5025707728522296, 0.5120499636345852, 0.5024669874697536, 0.5073220400713644, 0.503689337389448, 0.5072920580077321, 0.5041765559209582, 0.503754157737606, 0.5075615111363971, 0.5030173908769662, 0.5091356426579347, 0.50754769375452, 0.5042662187787743],