{"z_p": 50, "a_p": 0.5, "n_p": 1.6, "a_1": [0.01, 0.01, 0.01, 0.01, 0.01, 0.01, 0.01, 0.01, 0.01, 0.01, 0.01, 0.01, 0.01, 0.01, 0.01, 0.01, 0.01, 0.01, 0.01, 0.01, 0.01, 0.01, 0.01, 0.01, 0.01, 0.01, 0.01, 0.01, 0.01, 0.01, 0.01, 0.01, 0.01, 0.01, 0.01, 0.01, 0.01, 0.01, 0.01, 0.01, 0.01, 0.01, 0.01, 0.01, 0.01, 0.01, 0.01, 0.01, 0.01, 0.01, 0.01, 0.01, 0.01, 0.01, 0.01, 0.01, 0.01, 0.01, 0.01, 0.01, 0.01, 0.01, 0.01, 0.01, 0.01, 0.01, 0.01, 0.01, 0.01, 0.01], "n_1": [1.443954427054372, 1.5117124498999086, 1.5418226845603709, 1.4759081712514721, 1.4126921308004978, 1.4656610936624974, 1.5410433415913227, 1.5097850497142864, 1.4836679748813804, 1.5063191810323042, 1.4301858224323392, 1.5273330143450405, 1.4810406607050353, 1.4693454957780607, 1.4349892191316382, 1.428945654463515, 1.3863297339362808, 1.547086691988397, 1.4133020878926776, 1.4195838084698649, 1.3665630676023928, 1.428074569163416, 1.5911424560027287, 1.5036751317327095, 1.512333858652285, 1.5919925956712884, 1.4245611784268575, 1.3721854126209634, 1.5216385678773623, 1.509899472048255, 1.493897443945872, 1.4327637321508098, 1.3586333853703076, 1.5137593474231699, 1.3988378577844758, 1.4880632409236083, 1.5612184435347654, 1.3844810774763687, 1.3915308082269442, 1.3730488005758568, 1.3925930824910746, 1.4259138143806496, 1.549982738158662, 1.5474084446099932, 1.5191738077342583, 1.3907873878769688, 1.394616581344648, 1.405118739369296, 1.4388274629090543, 1.5076079303403027, 1.3627420639640586, 1.4513079514992804, 1.4630169967131939, 1.4061005278803989, 1.386065998416901, 1.5940372971213668, 1.3700486622375767, 1.413901858927022, 1.5498132314717277, 1.4688176333686624, 1.472009911243952, 1.5920966766197409, 1.3849084269162397, 1.5847625550597069, 1.5699637230827694, 1.4344216209699117, 1.375967222540361, 1.3679415662047951, 1.5423750130929497, 1.3447068978708778], "a_p*0": [0.4999992050327762, 0.5000196846007783, 0.49996572044781556, 0.4998832445677279, 0.49994070608224356, 0.49983571192078025, 0.49988442534214667, 0.4997809995016085, 0.4998938706121904, 0.49996215816433237, 0.49995984176956004, 0.5000120395383888, 0.499947924677239, 0.49994791939135375, 0.4999506617486945, 0.49996700125408167, 0.4997841075083427, 0.499863730155993, 0.49974488562255925, 0.4999033512383883, 0.49995451401478985, 0.4999943656229428, 0.5000011425424796, 0.4999119384791286, 0.49998249689251817, 0.4998631651714155, 0.4999546407068269, 0.4999843785969067, 0.4999191016739305, 0.4999090279936499, 0.4998971392767402, 0.4999057209369128, 0.49990212428641, 0.49994190144992484, 0.4999697191658782, 0.4998510839700511, 0.4998943734961871, 0.5000163454511191, 0.49983675451637916, 0.4999222007841091, 0.4998558473052949, 0.499955390842523, 0.49996879027956004, 0.49997892870744004, 0.49983319372488916, 0.5000485857826859, 0.5000308831122979, 0.4999000621371387, 0.49985227394007326, 0.4998887029632827, 0.49978572883528927, 0.4998702834452379, 0.4999066782267533, 0.49986877322719697, 0.500039279826864, 0.5000245180790364, 0.4999392908429778, 0.5001340986248255, 0.4999588042373778, 0.49991494338957415, 0.49987968474729416, 0.4999374515962802, 0.49990702042637875, 0.4999918541002347, 0.5000504849233371, 0.4998567680119816, 0.49990670603100634, 0.49998763808189634, 0.5000025478180621, 0.49986076550277353], "n_p*0": [1.5946943315626945, 1.594704773831288, 1.5946177433132778, 1.5947590733101749, 1.5947246655879013, 1.5946959001198078, 1.594818534758054, 1.5948070947140216, 1.5946666758192762, 1.5946683645532844, 1.5946869837640647, 1.5947097468368383, 1.5947157849185212, 1.5946401201216194, 1.5946668335373244, 1.5946845365049072, 1.5948725436674804, 1.5947580406357684, 1.5948789303783146, 1.594766249426485, 1.594822678479035, 1.5945943297840581, 1.5946133750663805, 1.5948663667550427, 1.594697189607305, 1.5948198231877657, 1.594691601775731, 1.5946295368000296, 1.594798841643426, 1.5947830558796472, 1.594726368186567, 1.594858040466447, 1.5947503804603171, 1.5946531698691677, 1.5946970852438127, 1.5947345156942199, 1.594730589809419, 1.5946688946200345, 1.5948287519676025, 1.594752300879039, 1.5946984401917579, 1.5946668163607784, 1.5946770586396986, 1.594655300084031, 1.594845550358444, 1.5946306705770303, 1.5946288899191832, 1.594796127424254, 1.5948156205040367, 1.5946705011416282, 1.5949005894120472, 1.594707593727788, 1.59472854756269, 1.5947564737016322, 1.5945885821962549, 1.5946286695904137, 1.5947788992843357, 1.5945237676596686, 1.5946870297746913, 1.594753777501869, 1.594740794814274, 1.5947510275481933, 1.594741922147984, 1.5946218771819551, 1.5946975420432736, 1.5948263342178512, 1.5947889440523573, 1.5946517661328932, 1.5945908331342715, 1.5948489286040797], "a_p*1": [0.5040756765596572, 0.5064972394237556, 0.5076564447822096, 0.5051138964917995, 0.5027577938190132, 0.5047875708660365, 0.5075316749613386, 0.5064069578341354, 0.5053187856841644, 0.5061918423123322, 0.5034364812558338, 0.5070197803516906, 0.5054289577725489, 0.5049554898854184, 0.5037571630938869, 0.5034254084120208, 0.501624550747698, 0.5077289001173944, 0.50277719587149, 0.5029382114977738, 0.5008386353070019, 0.5033216824306441, 0.5092656468574334, 0.5062009357984184, 0.5064960123426718, 0.5093927972858847, 0.5032703355765258, 0.5011861928905764, 0.5068596716024593, 0.5063857402423515, 0.5059688700018915, 0.5034889210173167, 0.5007487617774719, 0.5066285573595284, 0.5022138725027813, 0.5057728527393569, 0.508144389703578, 0.5016685694810805, 0.5019170721227383, 0.5013047856553419, 0.5020783168852132, 0.5032439364661002, 0.5078470036553854, 0.5077980192881137, 0.5068071949301405, 0.5019118143256116, 0.5021392725286657, 0.5025983338077723, 0.5037474894166502, 0.5064041098755635, 0.5007996851775433, 0.5042735318844951, 0.5046148168769129, 0.5026169777597932, 0.5017953765818608, 0.509377287763751, 0.5010846565364846, 0.5027805675399398, 0.5077452371592592, 0.504877291366333, 0.5049876553910332, 0.5093430299851175, 0.5017956176256247, 0.5091298144844879, 0.5086968949777024, 0.5035652991028147, 0.501386302514679, 0.5011186917377075, 0.5076427601408355, 0.5001569396939871], "n_p*1": [1.5943820445253551, 1.5944028028907626, 1.5943973975371222, 1.5944779133992104, 1.5944826305761166, 1.594416580096919, 1.5945695145594727, 1.5944265914037794, 1.594558339544139, 1.5945021155820576, 1.5944685073764566, 1.5945473822150569, 1.5944120104115629, 1.5943941630964187, 1.5942898089310793, 1.5944309324783112, 1.594545803077398, 1.5945610373808, 1.594462641137396, 1.5945420780597008, 1.5947765935461518, 1.59449509446906, 1.5946361287691209, 1.594423507596701, 1.5944347815626179, 1.594540391294216, 1.5944692946313253, 1.594639504602404, 1.594447711887234, 1.5944497457557525, 1.5943419822882714, 1.5945059441618856, 1.5945205810831296, 1.5943939694655707, 1.5945576716670005, 1.5942642836031513, 1.5945960171483176, 1.5944980098561394, 1.594636040993268, 1.5945196875022805, 1.5945428679124207, 1.594453065705079, 1.5944921423624319, 1.5945158771800214, 1.5944122958366493, 1.5944998583545609, 1.5944832347278404, 1.5944167031923655, 1.5944604080655849, 1.5943506226599322, 1.5946867442126604, 1.5944761151280025, 1.5945585976435397, 1.594459917684959, 1.5945786122154688, 1.5946185957369916, 1.594647863042288, 1.5944597661538684, 1.5945675155307246, 1.594401535579932, 1.5945031945983954, 1.5946367261379686, 1.594453292839773, 1.5946133191599152, 1.5944680132269748, 1.594600737052049, 1.5945674773313026, 1.5945180066309919, 1.594470192296549, 1.5946991971372084]}