{"z_p": 50, "a_p": 0.5, "n_p": 1.6, "a_1": 0.01, "n_1": [1.45, 1.45, 1.45, 1.7, 1.7, 1.7], "spacing": [0.01, 0.02, 0.037436250000000004, 0.01, 0.02, 0.037436250000000004], "compute_time": [344.78842997550964, 40.36410188674927, 15.71486759185791, 345.94382905960083, 40.38749814033508, 15.724507331848145], "a_p*0": [0.4995900408283473, 0.5003130309584839, 0.49995992255074173, 0.49958744323912707, 0.5003117997372055, 0.5000093536908778], "n_p*0": [1.5948097822992584, 1.5947696464394734, 1.59466056974309, 1.594865364372571, 1.594768447200153, 1.5946851361538743], "a_p*1": [0.5038403365951509, 0.5043159739986234, 0.5041289715326341, 0.5125462293474213, 0.512505709245016, 0.5136217370709865], "n_p*1": [1.594547234651874, 1.594592087569452, 1.5944861638528651, 1.5954428299037413, 1.5950601922365022, 1.595002922068282]}