{"z_p": 50, "a_p": 0.5, "n_p": 1.6, "a_1": [0.01, 0.01, 0.01, 0.01, 0.01, 0.01, 0.01, 0.01, 0.01, 0.01, 0.01, 0.01, 0.01, 0.01, 0.01, 0.01, 0.01, 0.01, 0.01, 0.01, 0.01, 0.01, 0.01, 0.01, 0.01, 0.01, 0.01, 0.01, 0.01, 0.01, 0.01, 0.01, 0.01, 0.01, 0.01, 0.01, 0.01, 0.01, 0.01, 0.01], "n_1": [1.6041493559149596, 1.628803117523356, 1.6537428181900655, 1.5277479785752035, 1.4076057251770062, 1.6477454006486891, 1.63098380961405, 1.5238639163596812, 1.6431390279761542, 1.4109588762037937, 1.6306374111496371, 1.6982990642811895, 1.6418267080435547, 1.503394934858112, 1.5266103455761528, 1.4536437621071012, 1.4662811970369238, 1.5943313622446311, 1.6208130849819526, 1.650982424976728, 1.5789799786630678, 1.4259881097096847, 1.5344747478552, 1.4156742324051246, 1.434521435994234, 1.6717521096770633, 1.587160509491889, 1.4791689815754334, 1.495588252107845, 1.4532670068393554, 1.4451713620756583, 1.4444484785853893, 1.5327941717910067, 1.5112935104368201, 1.5290930751191982, 1.6499937540552405, 1.6905510030166706, 1.615948951033007, 1.667584476233852, 1.49619015770958], "a_p*0": [0.4999588761378949, 0.4998723746117529, 0.4999653990448238, 0.5000110368539556, 0.5000663092034899, 0.4999569125546214, 0.49995100360432443, 0.49998287089928845, 0.4998177466328476, 0.4998883035898859, 0.499931393174416, 0.49994236139775533, 0.4999285642133666, 0.4998702113943604, 0.4999532692502038, 0.49989691637958983, 0.4998985187193847, 0.4998508775932261, 0.49992531214003305, 0.49989355582941203, 0.5000047304367448, 0.4998823826724196, 0.4999758063168006, 0.49992195647174387, 0.4999387708637961, 0.499918579294501, 0.4999042235030588, 0.49983610579361126, 0.4998231965965926, 0.4998663182163356, 0.49984704649941425, 0.49988542080061826, 0.49993430185300103, 0.4999651534437454, 0.49990256280190937, 0.4998462234280473, 0.49988707771337126, 0.4999347567270605, 0.5000065934180139, 0.500004118701502], "n_p*0": [1.5947614353283028, 1.5947879309959765, 1.5946450742389595, 1.5946318985889303, 1.5945997830590173, 1.59474839707406, 1.5946841454055511, 1.5946608502662425, 1.5947974469367492, 1.5947716297436243, 1.5948235118493255, 1.594820927667521, 1.5947339743341482, 1.594749900909405, 1.5947700929783435, 1.5947760526472607, 1.5948068727006297, 1.5947386884181847, 1.5946818548945454, 1.5947101482286465, 1.5947623127572694, 1.5948431403210497, 1.594752385083766, 1.5947288545690108, 1.5947222616233006, 1.5947614135962276, 1.5947387865582305, 1.5947569896640006, 1.5949027913123162, 1.5948572535720302, 1.59471774231647, 1.5948292756547815, 1.5947370444622249, 1.5946473976835605, 1.5946597369300761, 1.594730174204664, 1.594760364993851, 1.5947993369771924, 1.594625510940302, 1.5946026271792533], "a_p*1": [0.5099996570546133, 0.5108957886968841, 0.5119014273908389, 0.5070808509291642, 0.5026363635295001, 0.5114689518365496, 0.5110683360583895, 0.5070168561497793, 0.5110122263364075, 0.5027653606972007, 0.5111724606179692, 0.5134312178557838, 0.5108502716712287, 0.5062071741707167, 0.5069989364679415, 0.5043040005023233, 0.5047650939729017, 0.5093850976904133, 0.5100434236342792, 0.5115790616025649, 0.5090013007326679, 0.503247761779035, 0.5073990581855699, 0.5029736483334816, 0.5035936482499883, 0.5117493252386671, 0.5091926781671209, 0.5053528008417375, 0.5059350768620964, 0.5042728889521054, 0.5039815288822163, 0.5039045895986561, 0.5072737053248968, 0.5064430752592228, 0.5071167964623475, 0.5114091401617141, 0.5129690140139546, 0.5101993185897201, 0.5119315641192028, 0.5058156864795574], "n_p*1": [1.594580485345755, 1.5945283648686595, 1.5947784309373594, 1.5945104007119948, 1.5944297290798828, 1.594774029912621, 1.5947050372058196, 1.594340363335853, 1.5948216704328246, 1.5944526347529766, 1.5946234181953498, 1.5950081398551474, 1.5947318023427846, 1.594415550870826, 1.594504180976993, 1.594445222125099, 1.5944474134955207, 1.5946867578869826, 1.5946395958474335, 1.5946727276250399, 1.5945220639025262, 1.5944778513289757, 1.5943874833702945, 1.5944529368430105, 1.5945633196312217, 1.5950667802133174, 1.5945943553633228, 1.5943262190682361, 1.5944738448852804, 1.594423362735231, 1.594516353906971, 1.594567678233847, 1.5944494557209143, 1.594452118556933, 1.5945222881117702, 1.5946586361454178, 1.5951123302693382, 1.594619973336186, 1.5948793776156733, 1.5945252503797571]}