{"z_p": 50, "a_p": 0.5, "n_p": 1.6, "a_1": [0.014780878092703634, 0.016201632912592336, 0.018565328123063333, 0.017122842368614364, 0.013791672995213597, 0.006024359075145102, 0.011157508669284565, 0.013610720783276062, 0.014438535050355483, 0.007491414892611109, 0.019861039932149837, 0.00949027435280024, 0.007282502520277555, 0.014066249452661224, 0.015429612104091321, 0.017872005378902624, 0.016967024859826905, 0.01553917824040981, 0.01449561394739238, 0.012327071509902329, 0.01254165326690489, 0.016790938829256016, 0.008292222831608322, 0.01858759324018572, 0.005879350253882264, 0.011095343798488328, 0.015962224397303815, 0.01345381822160363, 0.00940462794694897, 0.008221472652735335, 0.017588282249550405, 0.012315796247263566, 0.010880315486517696, 0.017355118397314854, 0.015764685715268928, 0.005816735696969585, 0.0055114873811212585, 0.01367840499654421, 0.011063380303637037, 0.012098284892815888, 0.016957470022268478, 0.012290676431454749, 0.017929058936895375, 0.00800869275731008, 0.014077421320887264, 0.010311078285325466, 0.007691540411481032, 0.014877448795221432, 0.0160213436063866, 0.015762860710168677], "n_1": [1.4797019193338992, 1.48880136461128, 1.6901919502785603, 1.4376443323621555, 1.4986479258703045, 1.5687382568992825, 1.415853139480925, 1.6067052095108445, 1.6628300150284485, 1.4354660428191046, 1.511637643311581, 1.6249104278998483, 1.4436759774605552, 1.4277726739155199, 1.6322567681250146, 1.4690878039366364, 1.6350890115549677, 1.5483118281433736, 1.4310633199496414, 1.6182435804377024, 1.4307040025375628, 1.6256804938733627, 1.5843774307209624, 1.5849778836978148, 1.5498783917584849, 1.5525756414808038, 1.5572768646755364, 1.4224724888793372, 1.554588663428749, 1.521005705711545, 1.6952893734642538, 1.524372534210809, 1.5641190939937437, 1.4318712335475228, 1.4117077065288788, 1.586356200132925, 1.593525193915573, 1.4861618605453328, 1.4048112290204753, 1.6087027585177749, 1.6852779531688047, 1.56875021326868, 1.5351076856578898, 1.6265519087564484, 1.4898818696421745, 1.6945226486459495, 1.5275149346861228, 1.6006621365846057, 1.4592568913207984, 1.6835242818049285], "a_p*0": [0.49973366970982813, 0.49947248045739256, 0.4997871125333129, 0.49940997824435013, 0.49961845560568274, 0.5003911171230125, 0.4993565901910729, 0.499711152631276, 0.500083401634022, 0.5001099448361999, 0.4997705696548184, 0.500035881696528, 0.5001708006310911, 0.49977725147181534, 0.49979646646239945, 0.49941053559325627, 0.49914575679017836, 0.49955409286403535, 0.49988952037880136, 0.49945426488809375, 0.49959554063479494, 0.49898980115250086, 0.5003203617168619, 0.49979582407443884, 0.5004404923004291, 0.4993505196861041, 0.4994229856782258, 0.4995567979557795, 0.5001425864311768, 0.5002959576536001, 0.49928660765285193, 0.4994631046329102, 0.49940876722637756, 0.49937166977941544, 0.49932679460620594, 0.5004077187571702, 0.5003473269221507, 0.4995466260794007, 0.4993689792098598, 0.4994049260037064, 0.4990812503368772, 0.4993385174763671, 0.4993068051849858, 0.5001250352721971, 0.4997254489791744, 0.49961609853136557, 0.5001302610148894, 0.49977390275323713, 0.4992649905891385, 0.49950601619627144], "n_p*0": [1.5947859252724994, 1.594891964162021, 1.5948700397056033, 1.5948478244575313, 1.5947496110701882, 1.594536022277336, 1.5948933703185797, 1.5948863421256274, 1.5946735191827133, 1.5946368260823858, 1.5949077350337075, 1.5947840253652992, 1.594530554238608, 1.5948586736918133, 1.5948071207504522, 1.594924012389872, 1.5948908550514682, 1.5949543832028805, 1.5948580859536685, 1.5947663789268691, 1.5948161767457922, 1.5950020033141687, 1.5945825754456964, 1.594776465339139, 1.594518589949021, 1.594895569168822, 1.595027935931566, 1.5948922542794626, 1.59466300031085, 1.5946420341953929, 1.5949488145748667, 1.594801576556296, 1.5949832282560754, 1.5949980900767067, 1.5950337827133039, 1.5944965887166807, 1.5945319507489168, 1.5948123324479828, 1.5949119410154862, 1.5946425935696509, 1.5949311953438041, 1.5949359960110705, 1.5950227261695928, 1.594595877929243, 1.5948807553651396, 1.5948222137582615, 1.5946362626922068, 1.5948519429981383, 1.5950711199521659, 1.5947920528788129], "a_p*1": [0.507941996535173, 0.5090421704860633, 0.5235015528122189, 0.5062148087025957, 0.5081320561571662, 0.5057396718112767, 0.5030997601598685, 0.513689959644106, 0.5169173548048345, 0.5027688721924044, 0.5133775650744035, 0.5104360808783749, 0.5030348000646222, 0.5048160917615423, 0.5167622639393223, 0.5090880171913877, 0.5187217754680635, 0.5122326508376897, 0.5051119978616333, 0.5131151318217564, 0.5042457835377203, 0.5177523816634161, 0.5077792531887032, 0.517466826447103, 0.5051381452587203, 0.5087722654897409, 0.5130982587485216, 0.5041733893093282, 0.5077785761024539, 0.505833398763442, 0.522477241983131, 0.5086702168539983, 0.5092898073836658, 0.5062842566432137, 0.5041784167228124, 0.5058711869753889, 0.505693132800366, 0.5075145940115968, 0.5025439548971381, 0.5120212982448485, 0.5218870653189628, 0.5105163219841982, 0.5135126773012243, 0.5085748925272929, 0.5081499097155199, 0.5136858426811018, 0.5054483230792639, 0.5143536069657031, 0.5072393992718478, 0.5201823210143736], "n_p*1": [1.5941101211699131, 1.5941976949564778, 1.595916660519461, 1.5941073215647572, 1.5944363359680442, 1.5944538255652425, 1.594384970262234, 1.59463890251723, 1.5953329773330047, 1.5945097385592801, 1.5938837546076008, 1.594319019294004, 1.5943469483100017, 1.5941901081275363, 1.5948124276819409, 1.593764244736617, 1.5949325590111183, 1.594459599793203, 1.5942440680768044, 1.5945124683189615, 1.5943750905916905, 1.5949019013919463, 1.5944538785960636, 1.5942716714802154, 1.5945396117553514, 1.5945516333275713, 1.5943990323776454, 1.5943722522549841, 1.5945065381158223, 1.5945506868651238, 1.5959615513422662, 1.594316829916941, 1.5945228293031124, 1.5939870205909645, 1.5943359839249522, 1.594460818711287, 1.5946212498474954, 1.5941853252976248, 1.5944788239350502, 1.5946188427004366, 1.595531657442106, 1.5944792306443656, 1.5939993999401278, 1.594392384058167, 1.5942728633100138, 1.5950197299883064, 1.5944758496166849, 1.5946047787004973, 1.594139705481919, 1.595388159056927]}